sub,block,repetition,direction,hue,chroma,lightness,shape,trial
0,0,0,0,-90,0,100,100,fleur,367
1,0,0,0,-90,0,100,100,circle,19
2,0,0,0,-90,0,100,100,cross,255
3,0,0,0,-90,0,100,100,triangle,186
4,0,0,0,-90,60,100,100,fleur,266
5,0,0,0,-90,60,100,100,circle,31
6,0,0,0,-90,60,100,100,cross,262
7,0,0,0,-90,60,100,100,triangle,88
8,0,0,0,-90,85,100,100,fleur,17
9,0,0,0,-90,85,100,100,circle,293
10,0,0,0,-90,85,100,100,cross,106
11,0,0,0,-90,85,100,100,triangle,143
12,0,0,0,-90,90,100,100,fleur,292
13,0,0,0,-90,90,100,100,circle,369
14,0,0,0,-90,90,100,100,cross,32
15,0,0,0,-90,90,100,100,triangle,95
16,0,0,0,-90,95,100,100,fleur,332
17,0,0,0,-90,95,100,100,circle,37
18,0,0,0,-90,95,100,100,cross,103
19,0,0,0,-90,95,100,100,triangle,12
20,0,0,0,-90,120,100,100,fleur,81
21,0,0,0,-90,120,100,100,circle,378
22,0,0,0,-90,120,100,100,cross,208
23,0,0,0,-90,120,100,100,triangle,388
24,0,0,0,-90,180,100,100,fleur,91
25,0,0,0,-90,180,100,100,circle,386
26,0,0,0,-90,180,100,100,cross,223
27,0,0,0,-90,180,100,100,triangle,150
28,0,0,0,-30,0,100,100,fleur,11
29,0,0,0,-30,0,100,100,circle,141
30,0,0,0,-30,0,100,100,cross,52
31,0,0,0,-30,0,100,100,triangle,307
32,0,0,0,-30,60,100,100,fleur,157
33,0,0,0,-30,60,100,100,circle,13
34,0,0,0,-30,60,100,100,cross,149
35,0,0,0,-30,60,100,100,triangle,123
36,0,0,0,-30,85,100,100,fleur,354
37,0,0,0,-30,85,100,100,circle,41
38,0,0,0,-30,85,100,100,cross,327
39,0,0,0,-30,85,100,100,triangle,124
40,0,0,0,-30,90,100,100,fleur,222
41,0,0,0,-30,90,100,100,circle,132
42,0,0,0,-30,90,100,100,cross,26
43,0,0,0,-30,90,100,100,triangle,138
44,0,0,0,-30,95,100,100,fleur,271
45,0,0,0,-30,95,100,100,circle,236
46,0,0,0,-30,95,100,100,cross,1
47,0,0,0,-30,95,100,100,triangle,334
48,0,0,0,-30,120,100,100,fleur,169
49,0,0,0,-30,120,100,100,circle,296
50,0,0,0,-30,120,100,100,cross,290
51,0,0,0,-30,120,100,100,triangle,207
52,0,0,0,-30,180,100,100,fleur,82
53,0,0,0,-30,180,100,100,circle,306
54,0,0,0,-30,180,100,100,cross,110
55,0,0,0,-30,180,100,100,triangle,389
56,0,0,0,-5,0,100,100,fleur,308
57,0,0,0,-5,0,100,100,circle,136
58,0,0,0,-5,0,100,100,cross,316
59,0,0,0,-5,0,100,100,triangle,36
60,0,0,0,-5,60,100,100,fleur,365
61,0,0,0,-5,60,100,100,circle,263
62,0,0,0,-5,60,100,100,cross,175
63,0,0,0,-5,60,100,100,triangle,74
64,0,0,0,-5,85,100,100,fleur,318
65,0,0,0,-5,85,100,100,circle,273
66,0,0,0,-5,85,100,100,cross,224
67,0,0,0,-5,85,100,100,triangle,370
68,0,0,0,-5,90,100,100,fleur,84
69,0,0,0,-5,90,100,100,circle,127
70,0,0,0,-5,90,100,100,cross,55
71,0,0,0,-5,90,100,100,triangle,264
72,0,0,0,-5,95,100,100,fleur,60
73,0,0,0,-5,95,100,100,circle,258
74,0,0,0,-5,95,100,100,cross,202
75,0,0,0,-5,95,100,100,triangle,301
76,0,0,0,-5,120,100,100,fleur,134
77,0,0,0,-5,120,100,100,circle,29
78,0,0,0,-5,120,100,100,cross,28
79,0,0,0,-5,120,100,100,triangle,101
80,0,0,0,-5,180,100,100,fleur,129
81,0,0,0,-5,180,100,100,circle,310
82,0,0,0,-5,180,100,100,cross,286
83,0,0,0,-5,180,100,100,triangle,201
84,0,0,0,0,0,100,100,fleur,185
85,0,0,0,0,0,100,100,circle,111
86,0,0,0,0,0,100,100,cross,375
87,0,0,0,0,0,100,100,triangle,145
88,0,0,0,0,60,100,100,fleur,333
89,0,0,0,0,60,100,100,circle,200
90,0,0,0,0,60,100,100,cross,339
91,0,0,0,0,60,100,100,triangle,268
92,0,0,0,0,85,100,100,fleur,366
93,0,0,0,0,85,100,100,circle,154
94,0,0,0,0,85,100,100,cross,108
95,0,0,0,0,85,100,100,triangle,184
96,0,0,0,0,90,100,100,fleur,297
97,0,0,0,0,90,100,100,circle,298
98,0,0,0,0,90,100,100,cross,239
99,0,0,0,0,90,100,100,triangle,285
100,0,0,0,0,95,100,100,fleur,174
101,0,0,0,0,95,100,100,circle,391
102,0,0,0,0,95,100,100,cross,160
103,0,0,0,0,95,100,100,triangle,342
104,0,0,0,0,120,100,100,fleur,54
105,0,0,0,0,120,100,100,circle,42
106,0,0,0,0,120,100,100,cross,133
107,0,0,0,0,120,100,100,triangle,379
108,0,0,0,0,180,100,100,fleur,125
109,0,0,0,0,180,100,100,circle,167
110,0,0,0,0,180,100,100,cross,241
111,0,0,0,0,180,100,100,triangle,341
112,0,0,0,5,0,100,100,fleur,337
113,0,0,0,5,0,100,100,circle,130
114,0,0,0,5,0,100,100,cross,135
115,0,0,0,5,0,100,100,triangle,242
116,0,0,0,5,60,100,100,fleur,350
117,0,0,0,5,60,100,100,circle,347
118,0,0,0,5,60,100,100,cross,360
119,0,0,0,5,60,100,100,triangle,230
120,0,0,0,5,85,100,100,fleur,249
121,0,0,0,5,85,100,100,circle,199
122,0,0,0,5,85,100,100,cross,100
123,0,0,0,5,85,100,100,triangle,390
124,0,0,0,5,90,100,100,fleur,105
125,0,0,0,5,90,100,100,circle,226
126,0,0,0,5,90,100,100,cross,21
127,0,0,0,5,90,100,100,triangle,180
128,0,0,0,5,95,100,100,fleur,192
129,0,0,0,5,95,100,100,circle,83
130,0,0,0,5,95,100,100,cross,79
131,0,0,0,5,95,100,100,triangle,257
132,0,0,0,5,120,100,100,fleur,153
133,0,0,0,5,120,100,100,circle,281
134,0,0,0,5,120,100,100,cross,380
135,0,0,0,5,120,100,100,triangle,7
136,0,0,0,5,180,100,100,fleur,289
137,0,0,0,5,180,100,100,circle,161
138,0,0,0,5,180,100,100,cross,68
139,0,0,0,5,180,100,100,triangle,48
140,0,0,0,30,0,100,100,fleur,311
141,0,0,0,30,0,100,100,circle,303
142,0,0,0,30,0,100,100,cross,75
143,0,0,0,30,0,100,100,triangle,196
144,0,0,0,30,60,100,100,fleur,259
145,0,0,0,30,60,100,100,circle,170
146,0,0,0,30,60,100,100,cross,193
147,0,0,0,30,60,100,100,triangle,215
148,0,0,0,30,85,100,100,fleur,284
149,0,0,0,30,85,100,100,circle,5
150,0,0,0,30,85,100,100,cross,96
151,0,0,0,30,85,100,100,triangle,109
152,0,0,0,30,90,100,100,fleur,187
153,0,0,0,30,90,100,100,circle,53
154,0,0,0,30,90,100,100,cross,227
155,0,0,0,30,90,100,100,triangle,376
156,0,0,0,30,95,100,100,fleur,148
157,0,0,0,30,95,100,100,circle,126
158,0,0,0,30,95,100,100,cross,335
159,0,0,0,30,95,100,100,triangle,234
160,0,0,0,30,120,100,100,fleur,146
161,0,0,0,30,120,100,100,circle,176
162,0,0,0,30,120,100,100,cross,270
163,0,0,0,30,120,100,100,triangle,287
164,0,0,0,30,180,100,100,fleur,314
165,0,0,0,30,180,100,100,circle,3
166,0,0,0,30,180,100,100,cross,2
167,0,0,0,30,180,100,100,triangle,122
168,0,0,0,90,0,100,100,fleur,181
169,0,0,0,90,0,100,100,circle,162
170,0,0,0,90,0,100,100,cross,67
171,0,0,0,90,0,100,100,triangle,51
172,0,0,0,90,60,100,100,fleur,18
173,0,0,0,90,60,100,100,circle,246
174,0,0,0,90,60,100,100,cross,22
175,0,0,0,90,60,100,100,triangle,233
176,0,0,0,90,85,100,100,fleur,140
177,0,0,0,90,85,100,100,circle,166
178,0,0,0,90,85,100,100,cross,14
179,0,0,0,90,85,100,100,triangle,40
180,0,0,0,90,90,100,100,fleur,10
181,0,0,0,90,90,100,100,circle,159
182,0,0,0,90,90,100,100,cross,283
183,0,0,0,90,90,100,100,triangle,33
184,0,0,0,90,95,100,100,fleur,142
185,0,0,0,90,95,100,100,circle,72
186,0,0,0,90,95,100,100,cross,373
187,0,0,0,90,95,100,100,triangle,325
188,0,0,0,90,120,100,100,fleur,188
189,0,0,0,90,120,100,100,circle,114
190,0,0,0,90,120,100,100,cross,45
191,0,0,0,90,120,100,100,triangle,43
192,0,0,0,90,180,100,100,fleur,210
193,0,0,0,90,180,100,100,circle,58
194,0,0,0,90,180,100,100,cross,213
195,0,0,0,90,180,100,100,triangle,338
196,0,0,1,-90,0,100,100,fleur,165
197,0,0,1,-90,0,100,100,circle,384
198,0,0,1,-90,0,100,100,cross,63
199,0,0,1,-90,0,100,100,triangle,329
200,0,0,1,-90,60,100,100,fleur,118
201,0,0,1,-90,60,100,100,circle,116
202,0,0,1,-90,60,100,100,cross,9
203,0,0,1,-90,60,100,100,triangle,94
204,0,0,1,-90,85,100,100,fleur,69
205,0,0,1,-90,85,100,100,circle,117
206,0,0,1,-90,85,100,100,cross,183
207,0,0,1,-90,85,100,100,triangle,66
208,0,0,1,-90,90,100,100,fleur,377
209,0,0,1,-90,90,100,100,circle,340
210,0,0,1,-90,90,100,100,cross,240
211,0,0,1,-90,90,100,100,triangle,16
212,0,0,1,-90,95,100,100,fleur,385
213,0,0,1,-90,95,100,100,circle,315
214,0,0,1,-90,95,100,100,cross,260
215,0,0,1,-90,95,100,100,triangle,65
216,0,0,1,-90,120,100,100,fleur,178
217,0,0,1,-90,120,100,100,circle,267
218,0,0,1,-90,120,100,100,cross,151
219,0,0,1,-90,120,100,100,triangle,93
220,0,0,1,-90,180,100,100,fleur,357
221,0,0,1,-90,180,100,100,circle,120
222,0,0,1,-90,180,100,100,cross,30
223,0,0,1,-90,180,100,100,triangle,85
224,0,0,1,-30,0,100,100,fleur,80
225,0,0,1,-30,0,100,100,circle,353
226,0,0,1,-30,0,100,100,cross,295
227,0,0,1,-30,0,100,100,triangle,4
228,0,0,1,-30,60,100,100,fleur,280
229,0,0,1,-30,60,100,100,circle,229
230,0,0,1,-30,60,100,100,cross,35
231,0,0,1,-30,60,100,100,triangle,115
232,0,0,1,-30,85,100,100,fleur,256
233,0,0,1,-30,85,100,100,circle,204
234,0,0,1,-30,85,100,100,cross,383
235,0,0,1,-30,85,100,100,triangle,0
236,0,0,1,-30,90,100,100,fleur,71
237,0,0,1,-30,90,100,100,circle,323
238,0,0,1,-30,90,100,100,cross,49
239,0,0,1,-30,90,100,100,triangle,228
240,0,0,1,-30,95,100,100,fleur,194
241,0,0,1,-30,95,100,100,circle,355
242,0,0,1,-30,95,100,100,cross,172
243,0,0,1,-30,95,100,100,triangle,190
244,0,0,1,-30,120,100,100,fleur,343
245,0,0,1,-30,120,100,100,circle,371
246,0,0,1,-30,120,100,100,cross,137
247,0,0,1,-30,120,100,100,triangle,50
248,0,0,1,-30,180,100,100,fleur,282
249,0,0,1,-30,180,100,100,circle,171
250,0,0,1,-30,180,100,100,cross,326
251,0,0,1,-30,180,100,100,triangle,139
252,0,0,1,-5,0,100,100,fleur,368
253,0,0,1,-5,0,100,100,circle,147
254,0,0,1,-5,0,100,100,cross,265
255,0,0,1,-5,0,100,100,triangle,381
256,0,0,1,-5,60,100,100,fleur,163
257,0,0,1,-5,60,100,100,circle,261
258,0,0,1,-5,60,100,100,cross,76
259,0,0,1,-5,60,100,100,triangle,27
260,0,0,1,-5,85,100,100,fleur,24
261,0,0,1,-5,85,100,100,circle,158
262,0,0,1,-5,85,100,100,cross,212
263,0,0,1,-5,85,100,100,triangle,276
264,0,0,1,-5,90,100,100,fleur,216
265,0,0,1,-5,90,100,100,circle,243
266,0,0,1,-5,90,100,100,cross,336
267,0,0,1,-5,90,100,100,triangle,87
268,0,0,1,-5,95,100,100,fleur,252
269,0,0,1,-5,95,100,100,circle,195
270,0,0,1,-5,95,100,100,cross,191
271,0,0,1,-5,95,100,100,triangle,156
272,0,0,1,-5,120,100,100,fleur,317
273,0,0,1,-5,120,100,100,circle,300
274,0,0,1,-5,120,100,100,cross,372
275,0,0,1,-5,120,100,100,triangle,330
276,0,0,1,-5,180,100,100,fleur,57
277,0,0,1,-5,180,100,100,circle,112
278,0,0,1,-5,180,100,100,cross,374
279,0,0,1,-5,180,100,100,triangle,64
280,0,0,1,0,0,100,100,fleur,302
281,0,0,1,0,0,100,100,circle,23
282,0,0,1,0,0,100,100,cross,152
283,0,0,1,0,0,100,100,triangle,362
284,0,0,1,0,60,100,100,fleur,288
285,0,0,1,0,60,100,100,circle,321
286,0,0,1,0,60,100,100,cross,121
287,0,0,1,0,60,100,100,triangle,238
288,0,0,1,0,85,100,100,fleur,155
289,0,0,1,0,85,100,100,circle,218
290,0,0,1,0,85,100,100,cross,77
291,0,0,1,0,85,100,100,triangle,356
292,0,0,1,0,90,100,100,fleur,44
293,0,0,1,0,90,100,100,circle,237
294,0,0,1,0,90,100,100,cross,90
295,0,0,1,0,90,100,100,triangle,214
296,0,0,1,0,95,100,100,fleur,299
297,0,0,1,0,95,100,100,circle,219
298,0,0,1,0,95,100,100,cross,164
299,0,0,1,0,95,100,100,triangle,232
300,0,0,1,0,120,100,100,fleur,61
301,0,0,1,0,120,100,100,circle,119
302,0,0,1,0,120,100,100,cross,47
303,0,0,1,0,120,100,100,triangle,203
304,0,0,1,0,180,100,100,fleur,206
305,0,0,1,0,180,100,100,circle,168
306,0,0,1,0,180,100,100,cross,274
307,0,0,1,0,180,100,100,triangle,56
308,0,0,1,5,0,100,100,fleur,113
309,0,0,1,5,0,100,100,circle,220
310,0,0,1,5,0,100,100,cross,320
311,0,0,1,5,0,100,100,triangle,313
312,0,0,1,5,60,100,100,fleur,177
313,0,0,1,5,60,100,100,circle,217
314,0,0,1,5,60,100,100,cross,38
315,0,0,1,5,60,100,100,triangle,322
316,0,0,1,5,85,100,100,fleur,305
317,0,0,1,5,85,100,100,circle,6
318,0,0,1,5,85,100,100,cross,198
319,0,0,1,5,85,100,100,triangle,363
320,0,0,1,5,90,100,100,fleur,39
321,0,0,1,5,90,100,100,circle,89
322,0,0,1,5,90,100,100,cross,99
323,0,0,1,5,90,100,100,triangle,251
324,0,0,1,5,95,100,100,fleur,324
325,0,0,1,5,95,100,100,circle,205
326,0,0,1,5,95,100,100,cross,312
327,0,0,1,5,95,100,100,triangle,46
328,0,0,1,5,120,100,100,fleur,221
329,0,0,1,5,120,100,100,circle,59
330,0,0,1,5,120,100,100,cross,294
331,0,0,1,5,120,100,100,triangle,291
332,0,0,1,5,180,100,100,fleur,245
333,0,0,1,5,180,100,100,circle,387
334,0,0,1,5,180,100,100,cross,344
335,0,0,1,5,180,100,100,triangle,346
336,0,0,1,30,0,100,100,fleur,382
337,0,0,1,30,0,100,100,circle,34
338,0,0,1,30,0,100,100,cross,304
339,0,0,1,30,0,100,100,triangle,131
340,0,0,1,30,60,100,100,fleur,235
341,0,0,1,30,60,100,100,circle,8
342,0,0,1,30,60,100,100,cross,349
343,0,0,1,30,60,100,100,triangle,351
344,0,0,1,30,85,100,100,fleur,309
345,0,0,1,30,85,100,100,circle,209
346,0,0,1,30,85,100,100,cross,331
347,0,0,1,30,85,100,100,triangle,102
348,0,0,1,30,90,100,100,fleur,179
349,0,0,1,30,90,100,100,circle,197
350,0,0,1,30,90,100,100,cross,98
351,0,0,1,30,90,100,100,triangle,104
352,0,0,1,30,95,100,100,fleur,248
353,0,0,1,30,95,100,100,circle,247
354,0,0,1,30,95,100,100,cross,250
355,0,0,1,30,95,100,100,triangle,319
356,0,0,1,30,120,100,100,fleur,328
357,0,0,1,30,120,100,100,circle,73
358,0,0,1,30,120,100,100,cross,279
359,0,0,1,30,120,100,100,triangle,254
360,0,0,1,30,180,100,100,fleur,244
361,0,0,1,30,180,100,100,circle,15
362,0,0,1,30,180,100,100,cross,144
363,0,0,1,30,180,100,100,triangle,278
364,0,0,1,90,0,100,100,fleur,189
365,0,0,1,90,0,100,100,circle,107
366,0,0,1,90,0,100,100,cross,92
367,0,0,1,90,0,100,100,triangle,348
368,0,0,1,90,60,100,100,fleur,345
369,0,0,1,90,60,100,100,circle,173
370,0,0,1,90,60,100,100,cross,364
371,0,0,1,90,60,100,100,triangle,182
372,0,0,1,90,85,100,100,fleur,231
373,0,0,1,90,85,100,100,circle,128
374,0,0,1,90,85,100,100,cross,359
375,0,0,1,90,85,100,100,triangle,20
376,0,0,1,90,90,100,100,fleur,25
377,0,0,1,90,90,100,100,circle,275
378,0,0,1,90,90,100,100,cross,272
379,0,0,1,90,90,100,100,triangle,211
380,0,0,1,90,95,100,100,fleur,277
381,0,0,1,90,95,100,100,circle,97
382,0,0,1,90,95,100,100,cross,253
383,0,0,1,90,95,100,100,triangle,358
384,0,0,1,90,120,100,100,fleur,86
385,0,0,1,90,120,100,100,circle,62
386,0,0,1,90,120,100,100,cross,78
387,0,0,1,90,120,100,100,triangle,269
388,0,0,1,90,180,100,100,fleur,225
389,0,0,1,90,180,100,100,circle,352
390,0,0,1,90,180,100,100,cross,70
391,0,0,1,90,180,100,100,triangle,361
392,0,1,0,-90,0,100,100,fleur,38
393,0,1,0,-90,0,100,100,circle,114
394,0,1,0,-90,0,100,100,cross,154
395,0,1,0,-90,0,100,100,triangle,309
396,0,1,0,-90,60,100,100,fleur,377
397,0,1,0,-90,60,100,100,circle,4
398,0,1,0,-90,60,100,100,cross,305
399,0,1,0,-90,60,100,100,triangle,119
400,0,1,0,-90,85,100,100,fleur,209
401,0,1,0,-90,85,100,100,circle,317
402,0,1,0,-90,85,100,100,cross,210
403,0,1,0,-90,85,100,100,triangle,7
404,0,1,0,-90,90,100,100,fleur,310
405,0,1,0,-90,90,100,100,circle,336
406,0,1,0,-90,90,100,100,cross,145
407,0,1,0,-90,90,100,100,triangle,120
408,0,1,0,-90,95,100,100,fleur,171
409,0,1,0,-90,95,100,100,circle,203
410,0,1,0,-90,95,100,100,cross,287
411,0,1,0,-90,95,100,100,triangle,279
412,0,1,0,-90,120,100,100,fleur,128
413,0,1,0,-90,120,100,100,circle,355
414,0,1,0,-90,120,100,100,cross,33
415,0,1,0,-90,120,100,100,triangle,320
416,0,1,0,-90,180,100,100,fleur,223
417,0,1,0,-90,180,100,100,circle,18
418,0,1,0,-90,180,100,100,cross,348
419,0,1,0,-90,180,100,100,triangle,372
420,0,1,0,-30,0,100,100,fleur,235
421,0,1,0,-30,0,100,100,circle,284
422,0,1,0,-30,0,100,100,cross,92
423,0,1,0,-30,0,100,100,triangle,69
424,0,1,0,-30,60,100,100,fleur,22
425,0,1,0,-30,60,100,100,circle,378
426,0,1,0,-30,60,100,100,cross,315
427,0,1,0,-30,60,100,100,triangle,286
428,0,1,0,-30,85,100,100,fleur,63
429,0,1,0,-30,85,100,100,circle,167
430,0,1,0,-30,85,100,100,cross,292
431,0,1,0,-30,85,100,100,triangle,301
432,0,1,0,-30,90,100,100,fleur,31
433,0,1,0,-30,90,100,100,circle,181
434,0,1,0,-30,90,100,100,cross,0
435,0,1,0,-30,90,100,100,triangle,369
436,0,1,0,-30,95,100,100,fleur,182
437,0,1,0,-30,95,100,100,circle,341
438,0,1,0,-30,95,100,100,cross,64
439,0,1,0,-30,95,100,100,triangle,68
440,0,1,0,-30,120,100,100,fleur,225
441,0,1,0,-30,120,100,100,circle,261
442,0,1,0,-30,120,100,100,cross,183
443,0,1,0,-30,120,100,100,triangle,89
444,0,1,0,-30,180,100,100,fleur,272
445,0,1,0,-30,180,100,100,circle,57
446,0,1,0,-30,180,100,100,cross,245
447,0,1,0,-30,180,100,100,triangle,333
448,0,1,0,-5,0,100,100,fleur,2
449,0,1,0,-5,0,100,100,circle,133
450,0,1,0,-5,0,100,100,cross,264
451,0,1,0,-5,0,100,100,triangle,164
452,0,1,0,-5,60,100,100,fleur,276
453,0,1,0,-5,60,100,100,circle,101
454,0,1,0,-5,60,100,100,cross,323
455,0,1,0,-5,60,100,100,triangle,233
456,0,1,0,-5,85,100,100,fleur,77
457,0,1,0,-5,85,100,100,circle,257
458,0,1,0,-5,85,100,100,cross,362
459,0,1,0,-5,85,100,100,triangle,275
460,0,1,0,-5,90,100,100,fleur,49
461,0,1,0,-5,90,100,100,circle,62
462,0,1,0,-5,90,100,100,cross,187
463,0,1,0,-5,90,100,100,triangle,185
464,0,1,0,-5,95,100,100,fleur,370
465,0,1,0,-5,95,100,100,circle,324
466,0,1,0,-5,95,100,100,cross,201
467,0,1,0,-5,95,100,100,triangle,180
468,0,1,0,-5,120,100,100,fleur,115
469,0,1,0,-5,120,100,100,circle,76
470,0,1,0,-5,120,100,100,cross,96
471,0,1,0,-5,120,100,100,triangle,240
472,0,1,0,-5,180,100,100,fleur,325
473,0,1,0,-5,180,100,100,circle,344
474,0,1,0,-5,180,100,100,cross,247
475,0,1,0,-5,180,100,100,triangle,219
476,0,1,0,0,0,100,100,fleur,200
477,0,1,0,0,0,100,100,circle,358
478,0,1,0,0,0,100,100,cross,389
479,0,1,0,0,0,100,100,triangle,380
480,0,1,0,0,60,100,100,fleur,340
481,0,1,0,0,60,100,100,circle,248
482,0,1,0,0,60,100,100,cross,365
483,0,1,0,0,60,100,100,triangle,331
484,0,1,0,0,85,100,100,fleur,363
485,0,1,0,0,85,100,100,circle,217
486,0,1,0,0,85,100,100,cross,37
487,0,1,0,0,85,100,100,triangle,218
488,0,1,0,0,90,100,100,fleur,268
489,0,1,0,0,90,100,100,circle,360
490,0,1,0,0,90,100,100,cross,352
491,0,1,0,0,90,100,100,triangle,100
492,0,1,0,0,95,100,100,fleur,243
493,0,1,0,0,95,100,100,circle,334
494,0,1,0,0,95,100,100,cross,141
495,0,1,0,0,95,100,100,triangle,177
496,0,1,0,0,120,100,100,fleur,231
497,0,1,0,0,120,100,100,circle,250
498,0,1,0,0,120,100,100,cross,230
499,0,1,0,0,120,100,100,triangle,367
500,0,1,0,0,180,100,100,fleur,222
501,0,1,0,0,180,100,100,circle,99
502,0,1,0,0,180,100,100,cross,117
503,0,1,0,0,180,100,100,triangle,199
504,0,1,0,5,0,100,100,fleur,256
505,0,1,0,5,0,100,100,circle,139
506,0,1,0,5,0,100,100,cross,226
507,0,1,0,5,0,100,100,triangle,221
508,0,1,0,5,60,100,100,fleur,161
509,0,1,0,5,60,100,100,circle,66
510,0,1,0,5,60,100,100,cross,212
511,0,1,0,5,60,100,100,triangle,382
512,0,1,0,5,85,100,100,fleur,241
513,0,1,0,5,85,100,100,circle,175
514,0,1,0,5,85,100,100,cross,354
515,0,1,0,5,85,100,100,triangle,347
516,0,1,0,5,90,100,100,fleur,366
517,0,1,0,5,90,100,100,circle,1
518,0,1,0,5,90,100,100,cross,204
519,0,1,0,5,90,100,100,triangle,126
520,0,1,0,5,95,100,100,fleur,265
521,0,1,0,5,95,100,100,circle,86
522,0,1,0,5,95,100,100,cross,353
523,0,1,0,5,95,100,100,triangle,23
524,0,1,0,5,120,100,100,fleur,102
525,0,1,0,5,120,100,100,circle,297
526,0,1,0,5,120,100,100,cross,85
527,0,1,0,5,120,100,100,triangle,319
528,0,1,0,5,180,100,100,fleur,53
529,0,1,0,5,180,100,100,circle,314
530,0,1,0,5,180,100,100,cross,14
531,0,1,0,5,180,100,100,triangle,288
532,0,1,0,30,0,100,100,fleur,270
533,0,1,0,30,0,100,100,circle,349
534,0,1,0,30,0,100,100,cross,205
535,0,1,0,30,0,100,100,triangle,67
536,0,1,0,30,60,100,100,fleur,136
537,0,1,0,30,60,100,100,circle,124
538,0,1,0,30,60,100,100,cross,172
539,0,1,0,30,60,100,100,triangle,388
540,0,1,0,30,85,100,100,fleur,313
541,0,1,0,30,85,100,100,circle,232
542,0,1,0,30,85,100,100,cross,13
543,0,1,0,30,85,100,100,triangle,228
544,0,1,0,30,90,100,100,fleur,269
545,0,1,0,30,90,100,100,circle,146
546,0,1,0,30,90,100,100,cross,356
547,0,1,0,30,90,100,100,triangle,374
548,0,1,0,30,95,100,100,fleur,150
549,0,1,0,30,95,100,100,circle,147
550,0,1,0,30,95,100,100,cross,318
551,0,1,0,30,95,100,100,triangle,51
552,0,1,0,30,120,100,100,fleur,59
553,0,1,0,30,120,100,100,circle,127
554,0,1,0,30,120,100,100,cross,70
555,0,1,0,30,120,100,100,triangle,12
556,0,1,0,30,180,100,100,fleur,337
557,0,1,0,30,180,100,100,circle,390
558,0,1,0,30,180,100,100,cross,29
559,0,1,0,30,180,100,100,triangle,391
560,0,1,0,90,0,100,100,fleur,168
561,0,1,0,90,0,100,100,circle,158
562,0,1,0,90,0,100,100,cross,385
563,0,1,0,90,0,100,100,triangle,170
564,0,1,0,90,60,100,100,fleur,278
565,0,1,0,90,60,100,100,circle,44
566,0,1,0,90,60,100,100,cross,253
567,0,1,0,90,60,100,100,triangle,216
568,0,1,0,90,85,100,100,fleur,386
569,0,1,0,90,85,100,100,circle,45
570,0,1,0,90,85,100,100,cross,129
571,0,1,0,90,85,100,100,triangle,73
572,0,1,0,90,90,100,100,fleur,311
573,0,1,0,90,90,100,100,circle,303
574,0,1,0,90,90,100,100,cross,364
575,0,1,0,90,90,100,100,triangle,106
576,0,1,0,90,95,100,100,fleur,296
577,0,1,0,90,95,100,100,circle,71
578,0,1,0,90,95,100,100,cross,54
579,0,1,0,90,95,100,100,triangle,197
580,0,1,0,90,120,100,100,fleur,9
581,0,1,0,90,120,100,100,circle,254
582,0,1,0,90,120,100,100,cross,39
583,0,1,0,90,120,100,100,triangle,234
584,0,1,0,90,180,100,100,fleur,25
585,0,1,0,90,180,100,100,circle,94
586,0,1,0,90,180,100,100,cross,211
587,0,1,0,90,180,100,100,triangle,131
588,0,1,1,-90,0,100,100,fleur,137
589,0,1,1,-90,0,100,100,circle,174
590,0,1,1,-90,0,100,100,cross,295
591,0,1,1,-90,0,100,100,triangle,6
592,0,1,1,-90,60,100,100,fleur,330
593,0,1,1,-90,60,100,100,circle,242
594,0,1,1,-90,60,100,100,cross,351
595,0,1,1,-90,60,100,100,triangle,56
596,0,1,1,-90,85,100,100,fleur,5
597,0,1,1,-90,85,100,100,circle,214
598,0,1,1,-90,85,100,100,cross,97
599,0,1,1,-90,85,100,100,triangle,375
600,0,1,1,-90,90,100,100,fleur,61
601,0,1,1,-90,90,100,100,circle,152
602,0,1,1,-90,90,100,100,cross,36
603,0,1,1,-90,90,100,100,triangle,302
604,0,1,1,-90,95,100,100,fleur,135
605,0,1,1,-90,95,100,100,circle,343
606,0,1,1,-90,95,100,100,cross,160
607,0,1,1,-90,95,100,100,triangle,338
608,0,1,1,-90,120,100,100,fleur,312
609,0,1,1,-90,120,100,100,circle,107
610,0,1,1,-90,120,100,100,cross,251
611,0,1,1,-90,120,100,100,triangle,281
612,0,1,1,-90,180,100,100,fleur,191
613,0,1,1,-90,180,100,100,circle,379
614,0,1,1,-90,180,100,100,cross,189
615,0,1,1,-90,180,100,100,triangle,15
616,0,1,1,-30,0,100,100,fleur,188
617,0,1,1,-30,0,100,100,circle,186
618,0,1,1,-30,0,100,100,cross,255
619,0,1,1,-30,0,100,100,triangle,196
620,0,1,1,-30,60,100,100,fleur,357
621,0,1,1,-30,60,100,100,circle,11
622,0,1,1,-30,60,100,100,cross,285
623,0,1,1,-30,60,100,100,triangle,263
624,0,1,1,-30,85,100,100,fleur,81
625,0,1,1,-30,85,100,100,circle,266
626,0,1,1,-30,85,100,100,cross,381
627,0,1,1,-30,85,100,100,triangle,307
628,0,1,1,-30,90,100,100,fleur,88
629,0,1,1,-30,90,100,100,circle,105
630,0,1,1,-30,90,100,100,cross,84
631,0,1,1,-30,90,100,100,triangle,118
632,0,1,1,-30,95,100,100,fleur,32
633,0,1,1,-30,95,100,100,circle,207
634,0,1,1,-30,95,100,100,cross,208
635,0,1,1,-30,95,100,100,triangle,273
636,0,1,1,-30,120,100,100,fleur,194
637,0,1,1,-30,120,100,100,circle,46
638,0,1,1,-30,120,100,100,cross,34
639,0,1,1,-30,120,100,100,triangle,132
640,0,1,1,-30,180,100,100,fleur,30
641,0,1,1,-30,180,100,100,circle,259
642,0,1,1,-30,180,100,100,cross,282
643,0,1,1,-30,180,100,100,triangle,157
644,0,1,1,-5,0,100,100,fleur,80
645,0,1,1,-5,0,100,100,circle,42
646,0,1,1,-5,0,100,100,cross,165
647,0,1,1,-5,0,100,100,triangle,229
648,0,1,1,-5,60,100,100,fleur,134
649,0,1,1,-5,60,100,100,circle,359
650,0,1,1,-5,60,100,100,cross,244
651,0,1,1,-5,60,100,100,triangle,195
652,0,1,1,-5,85,100,100,fleur,306
653,0,1,1,-5,85,100,100,circle,47
654,0,1,1,-5,85,100,100,cross,383
655,0,1,1,-5,85,100,100,triangle,304
656,0,1,1,-5,90,100,100,fleur,140
657,0,1,1,-5,90,100,100,circle,159
658,0,1,1,-5,90,100,100,cross,121
659,0,1,1,-5,90,100,100,triangle,335
660,0,1,1,-5,95,100,100,fleur,19
661,0,1,1,-5,95,100,100,circle,371
662,0,1,1,-5,95,100,100,cross,104
663,0,1,1,-5,95,100,100,triangle,298
664,0,1,1,-5,120,100,100,fleur,328
665,0,1,1,-5,120,100,100,circle,271
666,0,1,1,-5,120,100,100,cross,342
667,0,1,1,-5,120,100,100,triangle,35
668,0,1,1,-5,180,100,100,fleur,202
669,0,1,1,-5,180,100,100,circle,322
670,0,1,1,-5,180,100,100,cross,98
671,0,1,1,-5,180,100,100,triangle,78
672,0,1,1,0,0,100,100,fleur,326
673,0,1,1,0,0,100,100,circle,148
674,0,1,1,0,0,100,100,cross,179
675,0,1,1,0,0,100,100,triangle,332
676,0,1,1,0,60,100,100,fleur,373
677,0,1,1,0,60,100,100,circle,52
678,0,1,1,0,60,100,100,cross,237
679,0,1,1,0,60,100,100,triangle,169
680,0,1,1,0,85,100,100,fleur,290
681,0,1,1,0,85,100,100,circle,16
682,0,1,1,0,85,100,100,cross,190
683,0,1,1,0,85,100,100,triangle,173
684,0,1,1,0,90,100,100,fleur,26
685,0,1,1,0,90,100,100,circle,28
686,0,1,1,0,90,100,100,cross,130
687,0,1,1,0,90,100,100,triangle,178
688,0,1,1,0,95,100,100,fleur,55
689,0,1,1,0,95,100,100,circle,162
690,0,1,1,0,95,100,100,cross,163
691,0,1,1,0,95,100,100,triangle,143
692,0,1,1,0,120,100,100,fleur,368
693,0,1,1,0,120,100,100,circle,83
694,0,1,1,0,120,100,100,cross,376
695,0,1,1,0,120,100,100,triangle,238
696,0,1,1,0,180,100,100,fleur,316
697,0,1,1,0,180,100,100,circle,95
698,0,1,1,0,180,100,100,cross,43
699,0,1,1,0,180,100,100,triangle,249
700,0,1,1,5,0,100,100,fleur,227
701,0,1,1,5,0,100,100,circle,10
702,0,1,1,5,0,100,100,cross,27
703,0,1,1,5,0,100,100,triangle,345
704,0,1,1,5,60,100,100,fleur,111
705,0,1,1,5,60,100,100,circle,215
706,0,1,1,5,60,100,100,cross,17
707,0,1,1,5,60,100,100,triangle,258
708,0,1,1,5,85,100,100,fleur,224
709,0,1,1,5,85,100,100,circle,246
710,0,1,1,5,85,100,100,cross,339
711,0,1,1,5,85,100,100,triangle,289
712,0,1,1,5,90,100,100,fleur,213
713,0,1,1,5,90,100,100,circle,122
714,0,1,1,5,90,100,100,cross,387
715,0,1,1,5,90,100,100,triangle,156
716,0,1,1,5,95,100,100,fleur,21
717,0,1,1,5,95,100,100,circle,103
718,0,1,1,5,95,100,100,cross,60
719,0,1,1,5,95,100,100,triangle,293
720,0,1,1,5,120,100,100,fleur,198
721,0,1,1,5,120,100,100,circle,125
722,0,1,1,5,120,100,100,cross,138
723,0,1,1,5,120,100,100,triangle,40
724,0,1,1,5,180,100,100,fleur,294
725,0,1,1,5,180,100,100,circle,58
726,0,1,1,5,180,100,100,cross,8
727,0,1,1,5,180,100,100,triangle,142
728,0,1,1,30,0,100,100,fleur,24
729,0,1,1,30,0,100,100,circle,321
730,0,1,1,30,0,100,100,cross,206
731,0,1,1,30,0,100,100,triangle,144
732,0,1,1,30,60,100,100,fleur,361
733,0,1,1,30,60,100,100,circle,149
734,0,1,1,30,60,100,100,cross,329
735,0,1,1,30,60,100,100,triangle,123
736,0,1,1,30,85,100,100,fleur,267
737,0,1,1,30,85,100,100,circle,3
738,0,1,1,30,85,100,100,cross,151
739,0,1,1,30,85,100,100,triangle,112
740,0,1,1,30,90,100,100,fleur,108
741,0,1,1,30,90,100,100,circle,236
742,0,1,1,30,90,100,100,cross,166
743,0,1,1,30,90,100,100,triangle,79
744,0,1,1,30,95,100,100,fleur,110
745,0,1,1,30,95,100,100,circle,220
746,0,1,1,30,95,100,100,cross,262
747,0,1,1,30,95,100,100,triangle,384
748,0,1,1,30,120,100,100,fleur,90
749,0,1,1,30,120,100,100,circle,277
750,0,1,1,30,120,100,100,cross,350
751,0,1,1,30,120,100,100,triangle,300
752,0,1,1,30,180,100,100,fleur,155
753,0,1,1,30,180,100,100,circle,65
754,0,1,1,30,180,100,100,cross,50
755,0,1,1,30,180,100,100,triangle,283
756,0,1,1,90,0,100,100,fleur,291
757,0,1,1,90,0,100,100,circle,93
758,0,1,1,90,0,100,100,cross,48
759,0,1,1,90,0,100,100,triangle,260
760,0,1,1,90,60,100,100,fleur,109
761,0,1,1,90,60,100,100,circle,82
762,0,1,1,90,60,100,100,cross,239
763,0,1,1,90,60,100,100,triangle,327
764,0,1,1,90,85,100,100,fleur,193
765,0,1,1,90,85,100,100,circle,184
766,0,1,1,90,85,100,100,cross,75
767,0,1,1,90,85,100,100,triangle,87
768,0,1,1,90,90,100,100,fleur,113
769,0,1,1,90,90,100,100,circle,91
770,0,1,1,90,90,100,100,cross,280
771,0,1,1,90,90,100,100,triangle,346
772,0,1,1,90,95,100,100,fleur,299
773,0,1,1,90,95,100,100,circle,116
774,0,1,1,90,95,100,100,cross,274
775,0,1,1,90,95,100,100,triangle,153
776,0,1,1,90,120,100,100,fleur,308
777,0,1,1,90,120,100,100,circle,192
778,0,1,1,90,120,100,100,cross,72
779,0,1,1,90,120,100,100,triangle,176
780,0,1,1,90,180,100,100,fleur,252
781,0,1,1,90,180,100,100,circle,41
782,0,1,1,90,180,100,100,cross,20
783,0,1,1,90,180,100,100,triangle,74
784,1,0,0,-90,0,100,100,fleur,360
785,1,0,0,-90,0,100,100,circle,298
786,1,0,0,-90,0,100,100,cross,286
787,1,0,0,-90,0,100,100,triangle,246
788,1,0,0,-90,60,100,100,fleur,388
789,1,0,0,-90,60,100,100,circle,5
790,1,0,0,-90,60,100,100,cross,73
791,1,0,0,-90,60,100,100,triangle,17
792,1,0,0,-90,85,100,100,fleur,2
793,1,0,0,-90,85,100,100,circle,7
794,1,0,0,-90,85,100,100,cross,248
795,1,0,0,-90,85,100,100,triangle,31
796,1,0,0,-90,90,100,100,fleur,83
797,1,0,0,-90,90,100,100,circle,328
798,1,0,0,-90,90,100,100,cross,56
799,1,0,0,-90,90,100,100,triangle,234
800,1,0,0,-90,95,100,100,fleur,361
801,1,0,0,-90,95,100,100,circle,348
802,1,0,0,-90,95,100,100,cross,285
803,1,0,0,-90,95,100,100,triangle,126
804,1,0,0,-90,120,100,100,fleur,39
805,1,0,0,-90,120,100,100,circle,137
806,1,0,0,-90,120,100,100,cross,99
807,1,0,0,-90,120,100,100,triangle,160
808,1,0,0,-90,180,100,100,fleur,290
809,1,0,0,-90,180,100,100,circle,244
810,1,0,0,-90,180,100,100,cross,364
811,1,0,0,-90,180,100,100,triangle,116
812,1,0,0,-30,0,100,100,fleur,107
813,1,0,0,-30,0,100,100,circle,87
814,1,0,0,-30,0,100,100,cross,267
815,1,0,0,-30,0,100,100,triangle,134
816,1,0,0,-30,60,100,100,fleur,230
817,1,0,0,-30,60,100,100,circle,100
818,1,0,0,-30,60,100,100,cross,292
819,1,0,0,-30,60,100,100,triangle,247
820,1,0,0,-30,85,100,100,fleur,133
821,1,0,0,-30,85,100,100,circle,276
822,1,0,0,-30,85,100,100,cross,21
823,1,0,0,-30,85,100,100,triangle,325
824,1,0,0,-30,90,100,100,fleur,252
825,1,0,0,-30,90,100,100,circle,153
826,1,0,0,-30,90,100,100,cross,351
827,1,0,0,-30,90,100,100,triangle,75
828,1,0,0,-30,95,100,100,fleur,347
829,1,0,0,-30,95,100,100,circle,260
830,1,0,0,-30,95,100,100,cross,16
831,1,0,0,-30,95,100,100,triangle,223
832,1,0,0,-30,120,100,100,fleur,154
833,1,0,0,-30,120,100,100,circle,322
834,1,0,0,-30,120,100,100,cross,283
835,1,0,0,-30,120,100,100,triangle,358
836,1,0,0,-30,180,100,100,fleur,384
837,1,0,0,-30,180,100,100,circle,275
838,1,0,0,-30,180,100,100,cross,55
839,1,0,0,-30,180,100,100,triangle,377
840,1,0,0,-5,0,100,100,fleur,70
841,1,0,0,-5,0,100,100,circle,105
842,1,0,0,-5,0,100,100,cross,241
843,1,0,0,-5,0,100,100,triangle,356
844,1,0,0,-5,60,100,100,fleur,324
845,1,0,0,-5,60,100,100,circle,367
846,1,0,0,-5,60,100,100,cross,44
847,1,0,0,-5,60,100,100,triangle,200
848,1,0,0,-5,85,100,100,fleur,258
849,1,0,0,-5,85,100,100,circle,317
850,1,0,0,-5,85,100,100,cross,159
851,1,0,0,-5,85,100,100,triangle,354
852,1,0,0,-5,90,100,100,fleur,238
853,1,0,0,-5,90,100,100,circle,343
854,1,0,0,-5,90,100,100,cross,71
855,1,0,0,-5,90,100,100,triangle,249
856,1,0,0,-5,95,100,100,fleur,24
857,1,0,0,-5,95,100,100,circle,141
858,1,0,0,-5,95,100,100,cross,74
859,1,0,0,-5,95,100,100,triangle,379
860,1,0,0,-5,120,100,100,fleur,222
861,1,0,0,-5,120,100,100,circle,151
862,1,0,0,-5,120,100,100,cross,257
863,1,0,0,-5,120,100,100,triangle,163
864,1,0,0,-5,180,100,100,fleur,32
865,1,0,0,-5,180,100,100,circle,326
866,1,0,0,-5,180,100,100,cross,231
867,1,0,0,-5,180,100,100,triangle,65
868,1,0,0,0,0,100,100,fleur,391
869,1,0,0,0,0,100,100,circle,22
870,1,0,0,0,0,100,100,cross,102
871,1,0,0,0,0,100,100,triangle,370
872,1,0,0,0,60,100,100,fleur,213
873,1,0,0,0,60,100,100,circle,372
874,1,0,0,0,60,100,100,cross,110
875,1,0,0,0,60,100,100,triangle,305
876,1,0,0,0,85,100,100,fleur,225
877,1,0,0,0,85,100,100,circle,335
878,1,0,0,0,85,100,100,cross,265
879,1,0,0,0,85,100,100,triangle,30
880,1,0,0,0,90,100,100,fleur,297
881,1,0,0,0,90,100,100,circle,19
882,1,0,0,0,90,100,100,cross,342
883,1,0,0,0,90,100,100,triangle,281
884,1,0,0,0,95,100,100,fleur,144
885,1,0,0,0,95,100,100,circle,178
886,1,0,0,0,95,100,100,cross,336
887,1,0,0,0,95,100,100,triangle,191
888,1,0,0,0,120,100,100,fleur,190
889,1,0,0,0,120,100,100,circle,318
890,1,0,0,0,120,100,100,cross,114
891,1,0,0,0,120,100,100,triangle,98
892,1,0,0,0,180,100,100,fleur,289
893,1,0,0,0,180,100,100,circle,359
894,1,0,0,0,180,100,100,cross,253
895,1,0,0,0,180,100,100,triangle,60
896,1,0,0,5,0,100,100,fleur,261
897,1,0,0,5,0,100,100,circle,387
898,1,0,0,5,0,100,100,cross,120
899,1,0,0,5,0,100,100,triangle,90
900,1,0,0,5,60,100,100,fleur,147
901,1,0,0,5,60,100,100,circle,63
902,1,0,0,5,60,100,100,cross,203
903,1,0,0,5,60,100,100,triangle,306
904,1,0,0,5,85,100,100,fleur,111
905,1,0,0,5,85,100,100,circle,194
906,1,0,0,5,85,100,100,cross,143
907,1,0,0,5,85,100,100,triangle,352
908,1,0,0,5,90,100,100,fleur,366
909,1,0,0,5,90,100,100,circle,304
910,1,0,0,5,90,100,100,cross,53
911,1,0,0,5,90,100,100,triangle,1
912,1,0,0,5,95,100,100,fleur,69
913,1,0,0,5,95,100,100,circle,390
914,1,0,0,5,95,100,100,cross,268
915,1,0,0,5,95,100,100,triangle,45
916,1,0,0,5,120,100,100,fleur,59
917,1,0,0,5,120,100,100,circle,174
918,1,0,0,5,120,100,100,cross,28
919,1,0,0,5,120,100,100,triangle,149
920,1,0,0,5,180,100,100,fleur,146
921,1,0,0,5,180,100,100,circle,54
922,1,0,0,5,180,100,100,cross,346
923,1,0,0,5,180,100,100,triangle,199
924,1,0,0,30,0,100,100,fleur,78
925,1,0,0,30,0,100,100,circle,321
926,1,0,0,30,0,100,100,cross,240
927,1,0,0,30,0,100,100,triangle,251
928,1,0,0,30,60,100,100,fleur,184
929,1,0,0,30,60,100,100,circle,212
930,1,0,0,30,60,100,100,cross,380
931,1,0,0,30,60,100,100,triangle,106
932,1,0,0,30,85,100,100,fleur,170
933,1,0,0,30,85,100,100,circle,319
934,1,0,0,30,85,100,100,cross,125
935,1,0,0,30,85,100,100,triangle,167
936,1,0,0,30,90,100,100,fleur,311
937,1,0,0,30,90,100,100,circle,13
938,1,0,0,30,90,100,100,cross,158
939,1,0,0,30,90,100,100,triangle,313
940,1,0,0,30,95,100,100,fleur,77
941,1,0,0,30,95,100,100,circle,113
942,1,0,0,30,95,100,100,cross,349
943,1,0,0,30,95,100,100,triangle,177
944,1,0,0,30,120,100,100,fleur,277
945,1,0,0,30,120,100,100,circle,42
946,1,0,0,30,120,100,100,cross,201
947,1,0,0,30,120,100,100,triangle,175
948,1,0,0,30,180,100,100,fleur,117
949,1,0,0,30,180,100,100,circle,373
950,1,0,0,30,180,100,100,cross,259
951,1,0,0,30,180,100,100,triangle,176
952,1,0,0,90,0,100,100,fleur,237
953,1,0,0,90,0,100,100,circle,279
954,1,0,0,90,0,100,100,cross,196
955,1,0,0,90,0,100,100,triangle,338
956,1,0,0,90,60,100,100,fleur,210
957,1,0,0,90,60,100,100,circle,166
958,1,0,0,90,60,100,100,cross,150
959,1,0,0,90,60,100,100,triangle,38
960,1,0,0,90,85,100,100,fleur,236
961,1,0,0,90,85,100,100,circle,350
962,1,0,0,90,85,100,100,cross,271
963,1,0,0,90,85,100,100,triangle,334
964,1,0,0,90,90,100,100,fleur,51
965,1,0,0,90,90,100,100,circle,386
966,1,0,0,90,90,100,100,cross,50
967,1,0,0,90,90,100,100,triangle,273
968,1,0,0,90,95,100,100,fleur,204
969,1,0,0,90,95,100,100,circle,34
970,1,0,0,90,95,100,100,cross,20
971,1,0,0,90,95,100,100,triangle,96
972,1,0,0,90,120,100,100,fleur,18
973,1,0,0,90,120,100,100,circle,337
974,1,0,0,90,120,100,100,cross,92
975,1,0,0,90,120,100,100,triangle,0
976,1,0,0,90,180,100,100,fleur,208
977,1,0,0,90,180,100,100,circle,186
978,1,0,0,90,180,100,100,cross,162
979,1,0,0,90,180,100,100,triangle,229
980,1,0,1,-90,0,100,100,fleur,197
981,1,0,1,-90,0,100,100,circle,72
982,1,0,1,-90,0,100,100,cross,136
983,1,0,1,-90,0,100,100,triangle,310
984,1,0,1,-90,60,100,100,fleur,76
985,1,0,1,-90,60,100,100,circle,344
986,1,0,1,-90,60,100,100,cross,195
987,1,0,1,-90,60,100,100,triangle,383
988,1,0,1,-90,85,100,100,fleur,363
989,1,0,1,-90,85,100,100,circle,124
990,1,0,1,-90,85,100,100,cross,123
991,1,0,1,-90,85,100,100,triangle,161
992,1,0,1,-90,90,100,100,fleur,320
993,1,0,1,-90,90,100,100,circle,172
994,1,0,1,-90,90,100,100,cross,29
995,1,0,1,-90,90,100,100,triangle,130
996,1,0,1,-90,95,100,100,fleur,303
997,1,0,1,-90,95,100,100,circle,282
998,1,0,1,-90,95,100,100,cross,239
999,1,0,1,-90,95,100,100,triangle,287
1000,1,0,1,-90,120,100,100,fleur,242
1001,1,0,1,-90,120,100,100,circle,300
1002,1,0,1,-90,120,100,100,cross,270
1003,1,0,1,-90,120,100,100,triangle,331
1004,1,0,1,-90,180,100,100,fleur,375
1005,1,0,1,-90,180,100,100,circle,250
1006,1,0,1,-90,180,100,100,cross,43
1007,1,0,1,-90,180,100,100,triangle,37
1008,1,0,1,-30,0,100,100,fleur,355
1009,1,0,1,-30,0,100,100,circle,299
1010,1,0,1,-30,0,100,100,cross,157
1011,1,0,1,-30,0,100,100,triangle,64
1012,1,0,1,-30,60,100,100,fleur,226
1013,1,0,1,-30,60,100,100,circle,183
1014,1,0,1,-30,60,100,100,cross,314
1015,1,0,1,-30,60,100,100,triangle,278
1016,1,0,1,-30,85,100,100,fleur,332
1017,1,0,1,-30,85,100,100,circle,6
1018,1,0,1,-30,85,100,100,cross,164
1019,1,0,1,-30,85,100,100,triangle,221
1020,1,0,1,-30,90,100,100,fleur,288
1021,1,0,1,-30,90,100,100,circle,214
1022,1,0,1,-30,90,100,100,cross,121
1023,1,0,1,-30,90,100,100,triangle,115
1024,1,0,1,-30,95,100,100,fleur,140
1025,1,0,1,-30,95,100,100,circle,35
1026,1,0,1,-30,95,100,100,cross,333
1027,1,0,1,-30,95,100,100,triangle,274
1028,1,0,1,-30,120,100,100,fleur,68
1029,1,0,1,-30,120,100,100,circle,254
1030,1,0,1,-30,120,100,100,cross,189
1031,1,0,1,-30,120,100,100,triangle,312
1032,1,0,1,-30,180,100,100,fleur,109
1033,1,0,1,-30,180,100,100,circle,179
1034,1,0,1,-30,180,100,100,cross,41
1035,1,0,1,-30,180,100,100,triangle,89
1036,1,0,1,-5,0,100,100,fleur,192
1037,1,0,1,-5,0,100,100,circle,61
1038,1,0,1,-5,0,100,100,cross,294
1039,1,0,1,-5,0,100,100,triangle,15
1040,1,0,1,-5,60,100,100,fleur,139
1041,1,0,1,-5,60,100,100,circle,112
1042,1,0,1,-5,60,100,100,cross,308
1043,1,0,1,-5,60,100,100,triangle,132
1044,1,0,1,-5,85,100,100,fleur,316
1045,1,0,1,-5,85,100,100,circle,119
1046,1,0,1,-5,85,100,100,cross,145
1047,1,0,1,-5,85,100,100,triangle,52
1048,1,0,1,-5,90,100,100,fleur,365
1049,1,0,1,-5,90,100,100,circle,272
1050,1,0,1,-5,90,100,100,cross,340
1051,1,0,1,-5,90,100,100,triangle,46
1052,1,0,1,-5,95,100,100,fleur,79
1053,1,0,1,-5,95,100,100,circle,339
1054,1,0,1,-5,95,100,100,cross,217
1055,1,0,1,-5,95,100,100,triangle,369
1056,1,0,1,-5,120,100,100,fleur,266
1057,1,0,1,-5,120,100,100,circle,301
1058,1,0,1,-5,120,100,100,cross,307
1059,1,0,1,-5,120,100,100,triangle,218
1060,1,0,1,-5,180,100,100,fleur,80
1061,1,0,1,-5,180,100,100,circle,173
1062,1,0,1,-5,180,100,100,cross,243
1063,1,0,1,-5,180,100,100,triangle,11
1064,1,0,1,0,0,100,100,fleur,378
1065,1,0,1,0,0,100,100,circle,4
1066,1,0,1,0,0,100,100,cross,291
1067,1,0,1,0,0,100,100,triangle,47
1068,1,0,1,0,60,100,100,fleur,188
1069,1,0,1,0,60,100,100,circle,227
1070,1,0,1,0,60,100,100,cross,262
1071,1,0,1,0,60,100,100,triangle,341
1072,1,0,1,0,85,100,100,fleur,9
1073,1,0,1,0,85,100,100,circle,315
1074,1,0,1,0,85,100,100,cross,81
1075,1,0,1,0,85,100,100,triangle,220
1076,1,0,1,0,90,100,100,fleur,49
1077,1,0,1,0,90,100,100,circle,207
1078,1,0,1,0,90,100,100,cross,94
1079,1,0,1,0,90,100,100,triangle,23
1080,1,0,1,0,95,100,100,fleur,293
1081,1,0,1,0,95,100,100,circle,389
1082,1,0,1,0,95,100,100,cross,302
1083,1,0,1,0,95,100,100,triangle,330
1084,1,0,1,0,120,100,100,fleur,323
1085,1,0,1,0,120,100,100,circle,142
1086,1,0,1,0,120,100,100,cross,329
1087,1,0,1,0,120,100,100,triangle,93
1088,1,0,1,0,180,100,100,fleur,295
1089,1,0,1,0,180,100,100,circle,156
1090,1,0,1,0,180,100,100,cross,33
1091,1,0,1,0,180,100,100,triangle,376
1092,1,0,1,5,0,100,100,fleur,235
1093,1,0,1,5,0,100,100,circle,62
1094,1,0,1,5,0,100,100,cross,26
1095,1,0,1,5,0,100,100,triangle,97
1096,1,0,1,5,60,100,100,fleur,25
1097,1,0,1,5,60,100,100,circle,14
1098,1,0,1,5,60,100,100,cross,165
1099,1,0,1,5,60,100,100,triangle,219
1100,1,0,1,5,85,100,100,fleur,284
1101,1,0,1,5,85,100,100,circle,108
1102,1,0,1,5,85,100,100,cross,245
1103,1,0,1,5,85,100,100,triangle,8
1104,1,0,1,5,90,100,100,fleur,269
1105,1,0,1,5,90,100,100,circle,10
1106,1,0,1,5,90,100,100,cross,264
1107,1,0,1,5,90,100,100,triangle,209
1108,1,0,1,5,95,100,100,fleur,138
1109,1,0,1,5,95,100,100,circle,198
1110,1,0,1,5,95,100,100,cross,122
1111,1,0,1,5,95,100,100,triangle,84
1112,1,0,1,5,120,100,100,fleur,263
1113,1,0,1,5,120,100,100,circle,67
1114,1,0,1,5,120,100,100,cross,40
1115,1,0,1,5,120,100,100,triangle,171
1116,1,0,1,5,180,100,100,fleur,256
1117,1,0,1,5,180,100,100,circle,155
1118,1,0,1,5,180,100,100,cross,362
1119,1,0,1,5,180,100,100,triangle,66
1120,1,0,1,30,0,100,100,fleur,135
1121,1,0,1,30,0,100,100,circle,211
1122,1,0,1,30,0,100,100,cross,327
1123,1,0,1,30,0,100,100,triangle,202
1124,1,0,1,30,60,100,100,fleur,374
1125,1,0,1,30,60,100,100,circle,185
1126,1,0,1,30,60,100,100,cross,85
1127,1,0,1,30,60,100,100,triangle,152
1128,1,0,1,30,85,100,100,fleur,205
1129,1,0,1,30,85,100,100,circle,228
1130,1,0,1,30,85,100,100,cross,103
1131,1,0,1,30,85,100,100,triangle,187
1132,1,0,1,30,90,100,100,fleur,368
1133,1,0,1,30,90,100,100,circle,181
1134,1,0,1,30,90,100,100,cross,168
1135,1,0,1,30,90,100,100,triangle,148
1136,1,0,1,30,95,100,100,fleur,345
1137,1,0,1,30,95,100,100,circle,206
1138,1,0,1,30,95,100,100,cross,280
1139,1,0,1,30,95,100,100,triangle,91
1140,1,0,1,30,120,100,100,fleur,27
1141,1,0,1,30,120,100,100,circle,82
1142,1,0,1,30,120,100,100,cross,86
1143,1,0,1,30,120,100,100,triangle,88
1144,1,0,1,30,180,100,100,fleur,95
1145,1,0,1,30,180,100,100,circle,131
1146,1,0,1,30,180,100,100,cross,48
1147,1,0,1,30,180,100,100,triangle,129
1148,1,0,1,90,0,100,100,fleur,385
1149,1,0,1,90,0,100,100,circle,182
1150,1,0,1,90,0,100,100,cross,58
1151,1,0,1,90,0,100,100,triangle,233
1152,1,0,1,90,60,100,100,fleur,127
1153,1,0,1,90,60,100,100,circle,57
1154,1,0,1,90,60,100,100,cross,12
1155,1,0,1,90,60,100,100,triangle,371
1156,1,0,1,90,85,100,100,fleur,169
1157,1,0,1,90,85,100,100,circle,180
1158,1,0,1,90,85,100,100,cross,232
1159,1,0,1,90,85,100,100,triangle,128
1160,1,0,1,90,90,100,100,fleur,193
1161,1,0,1,90,90,100,100,circle,104
1162,1,0,1,90,90,100,100,cross,224
1163,1,0,1,90,90,100,100,triangle,357
1164,1,0,1,90,95,100,100,fleur,215
1165,1,0,1,90,95,100,100,circle,382
1166,1,0,1,90,95,100,100,cross,216
1167,1,0,1,90,95,100,100,triangle,353
1168,1,0,1,90,120,100,100,fleur,309
1169,1,0,1,90,120,100,100,circle,36
1170,1,0,1,90,120,100,100,cross,3
1171,1,0,1,90,120,100,100,triangle,381
1172,1,0,1,90,180,100,100,fleur,118
1173,1,0,1,90,180,100,100,circle,296
1174,1,0,1,90,180,100,100,cross,101
1175,1,0,1,90,180,100,100,triangle,255
1176,1,1,0,-90,0,100,100,fleur,219
1177,1,1,0,-90,0,100,100,circle,197
1178,1,1,0,-90,0,100,100,cross,111
1179,1,1,0,-90,0,100,100,triangle,282
1180,1,1,0,-90,60,100,100,fleur,348
1181,1,1,0,-90,60,100,100,circle,141
1182,1,1,0,-90,60,100,100,cross,323
1183,1,1,0,-90,60,100,100,triangle,142
1184,1,1,0,-90,85,100,100,fleur,3
1185,1,1,0,-90,85,100,100,circle,329
1186,1,1,0,-90,85,100,100,cross,32
1187,1,1,0,-90,85,100,100,triangle,60
1188,1,1,0,-90,90,100,100,fleur,83
1189,1,1,0,-90,90,100,100,circle,25
1190,1,1,0,-90,90,100,100,cross,47
1191,1,1,0,-90,90,100,100,triangle,89
1192,1,1,0,-90,95,100,100,fleur,388
1193,1,1,0,-90,95,100,100,circle,390
1194,1,1,0,-90,95,100,100,cross,127
1195,1,1,0,-90,95,100,100,triangle,298
1196,1,1,0,-90,120,100,100,fleur,168
1197,1,1,0,-90,120,100,100,circle,385
1198,1,1,0,-90,120,100,100,cross,313
1199,1,1,0,-90,120,100,100,triangle,271
1200,1,1,0,-90,180,100,100,fleur,16
1201,1,1,0,-90,180,100,100,circle,366
1202,1,1,0,-90,180,100,100,cross,387
1203,1,1,0,-90,180,100,100,triangle,294
1204,1,1,0,-30,0,100,100,fleur,288
1205,1,1,0,-30,0,100,100,circle,198
1206,1,1,0,-30,0,100,100,cross,128
1207,1,1,0,-30,0,100,100,triangle,258
1208,1,1,0,-30,60,100,100,fleur,320
1209,1,1,0,-30,60,100,100,circle,107
1210,1,1,0,-30,60,100,100,cross,220
1211,1,1,0,-30,60,100,100,triangle,49
1212,1,1,0,-30,85,100,100,fleur,159
1213,1,1,0,-30,85,100,100,circle,138
1214,1,1,0,-30,85,100,100,cross,267
1215,1,1,0,-30,85,100,100,triangle,116
1216,1,1,0,-30,90,100,100,fleur,274
1217,1,1,0,-30,90,100,100,circle,79
1218,1,1,0,-30,90,100,100,cross,121
1219,1,1,0,-30,90,100,100,triangle,256
1220,1,1,0,-30,95,100,100,fleur,287
1221,1,1,0,-30,95,100,100,circle,123
1222,1,1,0,-30,95,100,100,cross,44
1223,1,1,0,-30,95,100,100,triangle,163
1224,1,1,0,-30,120,100,100,fleur,218
1225,1,1,0,-30,120,100,100,circle,362
1226,1,1,0,-30,120,100,100,cross,372
1227,1,1,0,-30,120,100,100,triangle,173
1228,1,1,0,-30,180,100,100,fleur,187
1229,1,1,0,-30,180,100,100,circle,319
1230,1,1,0,-30,180,100,100,cross,377
1231,1,1,0,-30,180,100,100,triangle,206
1232,1,1,0,-5,0,100,100,fleur,109
1233,1,1,0,-5,0,100,100,circle,208
1234,1,1,0,-5,0,100,100,cross,174
1235,1,1,0,-5,0,100,100,triangle,357
1236,1,1,0,-5,60,100,100,fleur,376
1237,1,1,0,-5,60,100,100,circle,251
1238,1,1,0,-5,60,100,100,cross,268
1239,1,1,0,-5,60,100,100,triangle,160
1240,1,1,0,-5,85,100,100,fleur,305
1241,1,1,0,-5,85,100,100,circle,129
1242,1,1,0,-5,85,100,100,cross,212
1243,1,1,0,-5,85,100,100,triangle,384
1244,1,1,0,-5,90,100,100,fleur,27
1245,1,1,0,-5,90,100,100,circle,8
1246,1,1,0,-5,90,100,100,cross,249
1247,1,1,0,-5,90,100,100,triangle,225
1248,1,1,0,-5,95,100,100,fleur,146
1249,1,1,0,-5,95,100,100,circle,280
1250,1,1,0,-5,95,100,100,cross,361
1251,1,1,0,-5,95,100,100,triangle,108
1252,1,1,0,-5,120,100,100,fleur,365
1253,1,1,0,-5,120,100,100,circle,45
1254,1,1,0,-5,120,100,100,cross,301
1255,1,1,0,-5,120,100,100,triangle,65
1256,1,1,0,-5,180,100,100,fleur,31
1257,1,1,0,-5,180,100,100,circle,193
1258,1,1,0,-5,180,100,100,cross,69
1259,1,1,0,-5,180,100,100,triangle,231
1260,1,1,0,0,0,100,100,fleur,306
1261,1,1,0,0,0,100,100,circle,48
1262,1,1,0,0,0,100,100,cross,149
1263,1,1,0,0,0,100,100,triangle,195
1264,1,1,0,0,60,100,100,fleur,170
1265,1,1,0,0,60,100,100,circle,158
1266,1,1,0,0,60,100,100,cross,67
1267,1,1,0,0,60,100,100,triangle,144
1268,1,1,0,0,85,100,100,fleur,227
1269,1,1,0,0,85,100,100,circle,328
1270,1,1,0,0,85,100,100,cross,325
1271,1,1,0,0,85,100,100,triangle,269
1272,1,1,0,0,90,100,100,fleur,289
1273,1,1,0,0,90,100,100,circle,71
1274,1,1,0,0,90,100,100,cross,265
1275,1,1,0,0,90,100,100,triangle,250
1276,1,1,0,0,95,100,100,fleur,281
1277,1,1,0,0,95,100,100,circle,342
1278,1,1,0,0,95,100,100,cross,84
1279,1,1,0,0,95,100,100,triangle,309
1280,1,1,0,0,120,100,100,fleur,34
1281,1,1,0,0,120,100,100,circle,308
1282,1,1,0,0,120,100,100,cross,64
1283,1,1,0,0,120,100,100,triangle,155
1284,1,1,0,0,180,100,100,fleur,57
1285,1,1,0,0,180,100,100,circle,20
1286,1,1,0,0,180,100,100,cross,380
1287,1,1,0,0,180,100,100,triangle,181
1288,1,1,0,5,0,100,100,fleur,257
1289,1,1,0,5,0,100,100,circle,205
1290,1,1,0,5,0,100,100,cross,368
1291,1,1,0,5,0,100,100,triangle,164
1292,1,1,0,5,60,100,100,fleur,340
1293,1,1,0,5,60,100,100,circle,346
1294,1,1,0,5,60,100,100,cross,166
1295,1,1,0,5,60,100,100,triangle,100
1296,1,1,0,5,85,100,100,fleur,345
1297,1,1,0,5,85,100,100,circle,341
1298,1,1,0,5,85,100,100,cross,19
1299,1,1,0,5,85,100,100,triangle,165
1300,1,1,0,5,90,100,100,fleur,119
1301,1,1,0,5,90,100,100,circle,358
1302,1,1,0,5,90,100,100,cross,310
1303,1,1,0,5,90,100,100,triangle,74
1304,1,1,0,5,95,100,100,fleur,210
1305,1,1,0,5,95,100,100,circle,192
1306,1,1,0,5,95,100,100,cross,26
1307,1,1,0,5,95,100,100,triangle,132
1308,1,1,0,5,120,100,100,fleur,37
1309,1,1,0,5,120,100,100,circle,140
1310,1,1,0,5,120,100,100,cross,229
1311,1,1,0,5,120,100,100,triangle,53
1312,1,1,0,5,180,100,100,fleur,335
1313,1,1,0,5,180,100,100,circle,303
1314,1,1,0,5,180,100,100,cross,162
1315,1,1,0,5,180,100,100,triangle,137
1316,1,1,0,30,0,100,100,fleur,209
1317,1,1,0,30,0,100,100,circle,35
1318,1,1,0,30,0,100,100,cross,391
1319,1,1,0,30,0,100,100,triangle,59
1320,1,1,0,30,60,100,100,fleur,222
1321,1,1,0,30,60,100,100,circle,293
1322,1,1,0,30,60,100,100,cross,355
1323,1,1,0,30,60,100,100,triangle,99
1324,1,1,0,30,85,100,100,fleur,7
1325,1,1,0,30,85,100,100,circle,238
1326,1,1,0,30,85,100,100,cross,316
1327,1,1,0,30,85,100,100,triangle,28
1328,1,1,0,30,90,100,100,fleur,277
1329,1,1,0,30,90,100,100,circle,196
1330,1,1,0,30,90,100,100,cross,46
1331,1,1,0,30,90,100,100,triangle,156
1332,1,1,0,30,95,100,100,fleur,263
1333,1,1,0,30,95,100,100,circle,15
1334,1,1,0,30,95,100,100,cross,242
1335,1,1,0,30,95,100,100,triangle,66
1336,1,1,0,30,120,100,100,fleur,131
1337,1,1,0,30,120,100,100,circle,300
1338,1,1,0,30,120,100,100,cross,176
1339,1,1,0,30,120,100,100,triangle,77
1340,1,1,0,30,180,100,100,fleur,72
1341,1,1,0,30,180,100,100,circle,215
1342,1,1,0,30,180,100,100,cross,291
1343,1,1,0,30,180,100,100,triangle,151
1344,1,1,0,90,0,100,100,fleur,259
1345,1,1,0,90,0,100,100,circle,382
1346,1,1,0,90,0,100,100,cross,130
1347,1,1,0,90,0,100,100,triangle,272
1348,1,1,0,90,60,100,100,fleur,232
1349,1,1,0,90,60,100,100,circle,337
1350,1,1,0,90,60,100,100,cross,379
1351,1,1,0,90,60,100,100,triangle,224
1352,1,1,0,90,85,100,100,fleur,378
1353,1,1,0,90,85,100,100,circle,18
1354,1,1,0,90,85,100,100,cross,233
1355,1,1,0,90,85,100,100,triangle,371
1356,1,1,0,90,90,100,100,fleur,134
1357,1,1,0,90,90,100,100,circle,171
1358,1,1,0,90,90,100,100,cross,284
1359,1,1,0,90,90,100,100,triangle,101
1360,1,1,0,90,95,100,100,fleur,375
1361,1,1,0,90,95,100,100,circle,343
1362,1,1,0,90,95,100,100,cross,104
1363,1,1,0,90,95,100,100,triangle,237
1364,1,1,0,90,120,100,100,fleur,13
1365,1,1,0,90,120,100,100,circle,275
1366,1,1,0,90,120,100,100,cross,292
1367,1,1,0,90,120,100,100,triangle,0
1368,1,1,0,90,180,100,100,fleur,239
1369,1,1,0,90,180,100,100,circle,347
1370,1,1,0,90,180,100,100,cross,112
1371,1,1,0,90,180,100,100,triangle,324
1372,1,1,1,-90,0,100,100,fleur,76
1373,1,1,1,-90,0,100,100,circle,312
1374,1,1,1,-90,0,100,100,cross,204
1375,1,1,1,-90,0,100,100,triangle,157
1376,1,1,1,-90,60,100,100,fleur,283
1377,1,1,1,-90,60,100,100,circle,350
1378,1,1,1,-90,60,100,100,cross,351
1379,1,1,1,-90,60,100,100,triangle,243
1380,1,1,1,-90,85,100,100,fleur,61
1381,1,1,1,-90,85,100,100,circle,135
1382,1,1,1,-90,85,100,100,cross,161
1383,1,1,1,-90,85,100,100,triangle,216
1384,1,1,1,-90,90,100,100,fleur,260
1385,1,1,1,-90,90,100,100,circle,136
1386,1,1,1,-90,90,100,100,cross,92
1387,1,1,1,-90,90,100,100,triangle,1
1388,1,1,1,-90,95,100,100,fleur,207
1389,1,1,1,-90,95,100,100,circle,122
1390,1,1,1,-90,95,100,100,cross,36
1391,1,1,1,-90,95,100,100,triangle,286
1392,1,1,1,-90,120,100,100,fleur,11
1393,1,1,1,-90,120,100,100,circle,226
1394,1,1,1,-90,120,100,100,cross,248
1395,1,1,1,-90,120,100,100,triangle,33
1396,1,1,1,-90,180,100,100,fleur,96
1397,1,1,1,-90,180,100,100,circle,253
1398,1,1,1,-90,180,100,100,cross,353
1399,1,1,1,-90,180,100,100,triangle,389
1400,1,1,1,-30,0,100,100,fleur,95
1401,1,1,1,-30,0,100,100,circle,203
1402,1,1,1,-30,0,100,100,cross,86
1403,1,1,1,-30,0,100,100,triangle,278
1404,1,1,1,-30,60,100,100,fleur,152
1405,1,1,1,-30,60,100,100,circle,297
1406,1,1,1,-30,60,100,100,cross,154
1407,1,1,1,-30,60,100,100,triangle,125
1408,1,1,1,-30,85,100,100,fleur,78
1409,1,1,1,-30,85,100,100,circle,314
1410,1,1,1,-30,85,100,100,cross,202
1411,1,1,1,-30,85,100,100,triangle,330
1412,1,1,1,-30,90,100,100,fleur,103
1413,1,1,1,-30,90,100,100,circle,98
1414,1,1,1,-30,90,100,100,cross,5
1415,1,1,1,-30,90,100,100,triangle,22
1416,1,1,1,-30,95,100,100,fleur,145
1417,1,1,1,-30,95,100,100,circle,354
1418,1,1,1,-30,95,100,100,cross,54
1419,1,1,1,-30,95,100,100,triangle,169
1420,1,1,1,-30,120,100,100,fleur,41
1421,1,1,1,-30,120,100,100,circle,333
1422,1,1,1,-30,120,100,100,cross,191
1423,1,1,1,-30,120,100,100,triangle,240
1424,1,1,1,-30,180,100,100,fleur,327
1425,1,1,1,-30,180,100,100,circle,363
1426,1,1,1,-30,180,100,100,cross,93
1427,1,1,1,-30,180,100,100,triangle,369
1428,1,1,1,-5,0,100,100,fleur,126
1429,1,1,1,-5,0,100,100,circle,252
1430,1,1,1,-5,0,100,100,cross,43
1431,1,1,1,-5,0,100,100,triangle,302
1432,1,1,1,-5,60,100,100,fleur,185
1433,1,1,1,-5,60,100,100,circle,143
1434,1,1,1,-5,60,100,100,cross,167
1435,1,1,1,-5,60,100,100,triangle,246
1436,1,1,1,-5,85,100,100,fleur,370
1437,1,1,1,-5,85,100,100,circle,189
1438,1,1,1,-5,85,100,100,cross,332
1439,1,1,1,-5,85,100,100,triangle,374
1440,1,1,1,-5,90,100,100,fleur,322
1441,1,1,1,-5,90,100,100,circle,304
1442,1,1,1,-5,90,100,100,cross,247
1443,1,1,1,-5,90,100,100,triangle,266
1444,1,1,1,-5,95,100,100,fleur,241
1445,1,1,1,-5,95,100,100,circle,75
1446,1,1,1,-5,95,100,100,cross,307
1447,1,1,1,-5,95,100,100,triangle,42
1448,1,1,1,-5,120,100,100,fleur,386
1449,1,1,1,-5,120,100,100,circle,6
1450,1,1,1,-5,120,100,100,cross,9
1451,1,1,1,-5,120,100,100,triangle,52
1452,1,1,1,-5,180,100,100,fleur,179
1453,1,1,1,-5,180,100,100,circle,14
1454,1,1,1,-5,180,100,100,cross,261
1455,1,1,1,-5,180,100,100,triangle,177
1456,1,1,1,0,0,100,100,fleur,186
1457,1,1,1,0,0,100,100,circle,352
1458,1,1,1,0,0,100,100,cross,120
1459,1,1,1,0,0,100,100,triangle,223
1460,1,1,1,0,60,100,100,fleur,188
1461,1,1,1,0,60,100,100,circle,255
1462,1,1,1,0,60,100,100,cross,367
1463,1,1,1,0,60,100,100,triangle,264
1464,1,1,1,0,85,100,100,fleur,299
1465,1,1,1,0,85,100,100,circle,336
1466,1,1,1,0,85,100,100,cross,178
1467,1,1,1,0,85,100,100,triangle,21
1468,1,1,1,0,90,100,100,fleur,285
1469,1,1,1,0,90,100,100,circle,228
1470,1,1,1,0,90,100,100,cross,175
1471,1,1,1,0,90,100,100,triangle,273
1472,1,1,1,0,95,100,100,fleur,217
1473,1,1,1,0,95,100,100,circle,326
1474,1,1,1,0,95,100,100,cross,235
1475,1,1,1,0,95,100,100,triangle,230
1476,1,1,1,0,120,100,100,fleur,91
1477,1,1,1,0,120,100,100,circle,115
1478,1,1,1,0,120,100,100,cross,331
1479,1,1,1,0,120,100,100,triangle,90
1480,1,1,1,0,180,100,100,fleur,360
1481,1,1,1,0,180,100,100,circle,200
1482,1,1,1,0,180,100,100,cross,321
1483,1,1,1,0,180,100,100,triangle,133
1484,1,1,1,5,0,100,100,fleur,50
1485,1,1,1,5,0,100,100,circle,29
1486,1,1,1,5,0,100,100,cross,318
1487,1,1,1,5,0,100,100,triangle,87
1488,1,1,1,5,60,100,100,fleur,80
1489,1,1,1,5,60,100,100,circle,55
1490,1,1,1,5,60,100,100,cross,184
1491,1,1,1,5,60,100,100,triangle,334
1492,1,1,1,5,85,100,100,fleur,276
1493,1,1,1,5,85,100,100,circle,63
1494,1,1,1,5,85,100,100,cross,58
1495,1,1,1,5,85,100,100,triangle,114
1496,1,1,1,5,90,100,100,fleur,106
1497,1,1,1,5,90,100,100,circle,124
1498,1,1,1,5,90,100,100,cross,254
1499,1,1,1,5,90,100,100,triangle,180
1500,1,1,1,5,95,100,100,fleur,62
1501,1,1,1,5,95,100,100,circle,148
1502,1,1,1,5,95,100,100,cross,110
1503,1,1,1,5,95,100,100,triangle,214
1504,1,1,1,5,120,100,100,fleur,94
1505,1,1,1,5,120,100,100,circle,349
1506,1,1,1,5,120,100,100,cross,221
1507,1,1,1,5,120,100,100,triangle,344
1508,1,1,1,5,180,100,100,fleur,359
1509,1,1,1,5,180,100,100,circle,213
1510,1,1,1,5,180,100,100,cross,85
1511,1,1,1,5,180,100,100,triangle,199
1512,1,1,1,30,0,100,100,fleur,2
1513,1,1,1,30,0,100,100,circle,356
1514,1,1,1,30,0,100,100,cross,315
1515,1,1,1,30,0,100,100,triangle,117
1516,1,1,1,30,60,100,100,fleur,194
1517,1,1,1,30,60,100,100,circle,73
1518,1,1,1,30,60,100,100,cross,82
1519,1,1,1,30,60,100,100,triangle,190
1520,1,1,1,30,85,100,100,fleur,373
1521,1,1,1,30,85,100,100,circle,88
1522,1,1,1,30,85,100,100,cross,10
1523,1,1,1,30,85,100,100,triangle,97
1524,1,1,1,30,90,100,100,fleur,339
1525,1,1,1,30,90,100,100,circle,105
1526,1,1,1,30,90,100,100,cross,139
1527,1,1,1,30,90,100,100,triangle,279
1528,1,1,1,30,95,100,100,fleur,150
1529,1,1,1,30,95,100,100,circle,290
1530,1,1,1,30,95,100,100,cross,245
1531,1,1,1,30,95,100,100,triangle,234
1532,1,1,1,30,120,100,100,fleur,118
1533,1,1,1,30,120,100,100,circle,4
1534,1,1,1,30,120,100,100,cross,51
1535,1,1,1,30,120,100,100,triangle,270
1536,1,1,1,30,180,100,100,fleur,12
1537,1,1,1,30,180,100,100,circle,262
1538,1,1,1,30,180,100,100,cross,68
1539,1,1,1,30,180,100,100,triangle,172
1540,1,1,1,90,0,100,100,fleur,39
1541,1,1,1,90,0,100,100,circle,56
1542,1,1,1,90,0,100,100,cross,311
1543,1,1,1,90,0,100,100,triangle,81
1544,1,1,1,90,60,100,100,fleur,201
1545,1,1,1,90,60,100,100,circle,182
1546,1,1,1,90,60,100,100,cross,383
1547,1,1,1,90,60,100,100,triangle,295
1548,1,1,1,90,85,100,100,fleur,236
1549,1,1,1,90,85,100,100,circle,102
1550,1,1,1,90,85,100,100,cross,70
1551,1,1,1,90,85,100,100,triangle,38
1552,1,1,1,90,90,100,100,fleur,23
1553,1,1,1,90,90,100,100,circle,317
1554,1,1,1,90,90,100,100,cross,244
1555,1,1,1,90,90,100,100,triangle,40
1556,1,1,1,90,95,100,100,fleur,364
1557,1,1,1,90,95,100,100,circle,381
1558,1,1,1,90,95,100,100,cross,338
1559,1,1,1,90,95,100,100,triangle,147
1560,1,1,1,90,120,100,100,fleur,211
1561,1,1,1,90,120,100,100,circle,153
1562,1,1,1,90,120,100,100,cross,17
1563,1,1,1,90,120,100,100,triangle,296
1564,1,1,1,90,180,100,100,fleur,30
1565,1,1,1,90,180,100,100,circle,183
1566,1,1,1,90,180,100,100,cross,113
1567,1,1,1,90,180,100,100,triangle,24
